Index,State,Year,Population,Studio,One Bedroom,Two Bedroom,Three Bedroom,Four Bedroom,Studio_Percent_Change,One_Bedroom_Percent_Change,Two_Bedroom_Percent_Change,Three_Bedroom_Percent_Change,Four_Bedroom_Percent_Change
1,AK,2018,24490.724137931036,842.8620689655172,948.8620689655172,1183.5862068965516,1575.896551724138,1848.1724137931035,-0.5735437683045963,-0.9003493355421943,-1.4272996180465847,-1.0543864207153364,-1.1672505992992743
2,AK,2019,24490.724137931036,863.9655172413793,977.3103448275862,1221.3793103448277,1623.9310344827586,1866.0344827586207,2.5037843145276906,2.998146600283458,3.193101037175161,3.0480733463162712,0.9664720040300834
3,AK,2020,25467.931034482757,902.2413793103449,1022.2413793103449,1276.0344827586207,1696.0,1926.3103448275863,4.430253442426668,4.597417260602654,4.474872953133824,4.437932645347598,3.2301579968585514
4,AK,2021,25467.931034482757,850.9655172413793,951.2758620689655,1200.1379310344828,1582.7241379310344,1815.3793103448277,-5.6831645327728,-6.942148760330591,-5.947844885826237,-6.679001301236176,-5.758731181640798
5,AK,2022,25467.931034482757,864.448275862069,962.6551724137931,1236.448275862069,1619.8275862068965,1890.344827586207,1.5844071642758806,1.1962156088012543,3.02551430870015,2.344277653107918,4.129468525623969
6,AK,2023,24566.333333333332,928.6,1020.2666666666667,1316.6333333333334,1725.4,2000.7333333333333,7.421117715106318,5.984644959463159,6.4851121584813765,6.51750931346462,5.839596254408352
7,AK,2024,24566.333333333332,1014.2,1125.3333333333333,1421.7,1868.7333333333333,2159.1666666666665,9.218177902218393,10.29796131730265,7.9799488594647805,8.307252424558541,7.918763120189265
9,AL,2018,71339.34328358209,519.1194029850747,554.0746268656717,682.0597014925373,911.7164179104477,1050.6119402985075,-0.9257676750413113,-0.8493362890948264,-1.4662124283065237,-1.9376484941886596,-1.1223486444725372
10,AL,2019,71339.34328358209,530.2985074626865,569.6119402985074,697.5373134328358,925.3134328358209,1068.134328358209,2.1534745982001446,2.8041914715944083,2.269245918858598,1.491364492101166,1.6678268528647067
11,AL,2020,72399.62686567164,533.8955223880597,575.8656716417911,700.6417910447761,924.2537313432836,1064.8955223880596,0.67830002814524,1.0978933025888482,0.4450625869262925,-0.11452351764630331,-0.30322084817998585
12,AL,2021,72399.62686567164,548.2835820895523,591.9850746268656,725.820895522388,949.5074626865671,1094.6268656716418,2.694920466299533,2.799160251924415,3.5937200434569494,2.7323375050464227,2.7919493188316435
13,AL,2022,72399.62686567164,586.0746268656717,627.8358208955224,773.8059701492538,1004.8059701492538,1154.5223880597016,6.89260922825643,6.056021985225524,6.611145383508132,5.823914991275925,5.471775293155168
14,AL,2023,73032.62686567164,637.1044776119403,681.6119402985074,839.1492537313433,1085.1641791044776,1243.4328358208954,8.707056816156044,8.565315583026267,8.444401581637573,7.997385698582926,7.701058782464787
15,AL,2024,73032.62686567164,735.0895522388059,787.6268656716418,968.8507462686567,1251.0,1436.2686567164178,15.379749800871467,15.553560479985995,15.456307916688905,15.282095012791231,15.508342335854032
17,AR,2018,38878.90666666667,489.85333333333335,522.0666666666667,667.1066666666667,888.4666666666667,1016.3333333333334,2.058447691538423,2.4919508939088564,2.5518570140198538,2.0209752736737308,2.1659585304722118
18,AR,2019,38878.90666666667,500.84,539.2133333333334,686.4666666666667,908.0133333333333,1051.0,2.242848199461056,3.2843825820457084,2.9020846241480713,2.2000450213851552,3.4109544112823853
19,AR,2020,39706.0,493.2,532.9733333333334,671.7733333333333,888.5066666666667,1031.9466666666667,-1.5254372653941362,-1.157241413417076,-2.1404292512382295,-2.1482797609433057,-1.8128766254360884
20,AR,2021,39706.0,515.9466666666667,553.8533333333334,697.3066666666666,920.2933333333333,1065.1466666666668,4.612057312787243,3.9176444099767282,3.800885219220773,3.577538341486841,3.217220528192666
21,AR,2022,39706.0,524.4266666666666,555.48,697.8933333333333,919.9466666666667,1062.1333333333334,1.6435807318585738,0.29369989648282413,0.0841332364526437,-0.03766914896699003,-0.28290313697018066
22,AR,2023,40158.306666666664,581.3066666666666,611.48,767.96,1011.3466666666667,1166.6666666666667,10.846130377300934,10.081371066465028,10.039738642008334,9.935358571511399,9.841827768014056
23,AR,2024,40158.306666666664,660.5733333333334,696.3866666666667,875.4266666666666,1153.0533333333333,1317.04,13.635946603055205,13.885436427465603,13.99378439849297,14.011680795243308,12.889142857142843
25,AZ,2018,426134.4666666667,604.9333333333333,654.2666666666667,834.1333333333333,1156.2666666666667,1320.5333333333333,3.6554717843271467,3.4468219669020694,3.2343234323432224,2.9134278763425003,1.709884467265721
26,AZ,2019,426134.4666666667,637.3333333333334,688.1333333333333,878.4,1217.8,1377.2,5.355962089486455,5.176278785408606,5.306905370843995,5.3217250922509285,4.291195476575127
27,AZ,2020,453995.6666666667,656.0,726.8,916.9333333333333,1275.8,1428.9333333333334,2.9288702928870203,5.619066072466561,4.386763812993322,4.762686812284445,3.7564139800561502
28,AZ,2021,453995.6666666667,698.1333333333333,767.9333333333333,970.1333333333333,1340.2,1493.5333333333333,6.422764227642275,5.659512016143831,5.801948524065725,5.047813136855317,4.520854716805078
29,AZ,2022,453995.6666666667,752.1333333333333,825.0,1039.6666666666667,1419.6666666666667,1591.8666666666666,7.734912146676853,7.431200625054268,7.167399670148433,5.929463264189416,6.583939650939596
30,AZ,2023,478270.93333333335,853.8666666666667,943.5333333333333,1180.3333333333333,1604.4666666666667,1801.6666666666667,13.525970572593504,14.367676767676762,13.529977556909255,13.01714017374971,13.179495770165017
31,AZ,2024,478270.93333333335,960.0,1063.8666666666666,1324.2,1788.8666666666666,2032.3333333333333,12.429731417863831,12.75347982759838,12.18864727478115,11.492915610587096,12.802960222016635
33,CA,2018,642309.5862068966,884.0172413793103,1017.2758620689655,1297.7758620689656,1812.5344827586207,2111.344827586207,4.749938710468249,4.732320363533082,4.492260706600959,4.338203183929501,3.0010934477247897
34,CA,2019,642309.5862068966,930.4310344827586,1069.344827586207,1360.6206896551723,1897.0,2199.3793103448274,5.2503266826594785,5.118470560319999,4.842502424572537,4.660077810648078,4.1695928399941184
35,CA,2020,672118.1896551724,997.4137931034483,1139.8620689655172,1445.7758620689656,2010.603448275862,2328.4655172413795,7.199110534605757,6.59443423301409,6.2585533985503705,5.988584516387041,5.869210749114195
36,CA,2021,672118.1896551724,1061.2241379310344,1204.8103448275863,1525.8620689655172,2103.293103448276,2437.2413793103447,6.397579948141741,5.697906582768653,5.53932383280662,4.610041589846925,4.671568518559632
37,CA,2022,672118.1896551724,1083.4310344827586,1217.5,1538.0344827586207,2109.5172413793102,2434.5,2.092573638121231,1.0532491878818995,0.7977401129943607,0.29592346976416994,-0.11247877758913116
38,CA,2023,678379.7068965518,1195.396551724138,1327.4827586206898,1667.7758620689656,2268.7413793103447,2618.9827586206898,10.334346504559267,9.033491467818466,8.435531242293127,7.547894599189231,7.577850015226528
39,CA,2024,678379.7068965518,1350.2413793103449,1488.1379310344828,1864.1206896551723,2516.4827586206898,2915.155172413793,12.953427660709904,12.102241733122066,11.772854617444239,10.91977170997136,11.308681312170421
41,CO,2018,78581.1875,709.90625,774.90625,981.734375,1354.078125,1545.09375,9.33461677295151,9.421057276498113,8.520156136654112,8.03051646118751,6.983587757354126
42,CO,2019,78581.1875,743.6875,805.8125,1013.359375,1386.0,1593.78125,4.758550864990974,3.988385691817564,3.221339784501276,2.3574618340429954,3.1511032906579306
43,CO,2020,84945.625,745.375,801.484375,1007.53125,1367.03125,1587.109375,0.22690982435498164,-0.5371131621810243,-0.5751291342224962,-1.3685966810966788,-0.41861924275994333
44,CO,2021,84945.625,813.65625,867.859375,1088.3125,1463.3125,1699.21875,9.160657387221205,8.281508918997948,8.017741385192757,7.043090638930161,7.063746000492244
45,CO,2022,84945.625,898.078125,958.671875,1201.1875,1594.875,1868.0,10.375619310980522,10.463964856057473,10.371561477057378,8.990731644812723,9.932873563218392
46,CO,2023,88826.96875,952.765625,1020.3125,1275.640625,1672.546875,1988.75,6.089392278650596,6.429793822834329,6.198293355533591,4.870091699976498,6.4641327623126354
47,CO,2024,88826.96875,1088.4375,1163.625,1460.015625,1896.953125,2251.71875,14.239795332666416,14.045941807044414,14.453522127362483,13.417038012761218,13.222815839094903
49,CT,2018,21148.50295857988,832.508875739645,984.8047337278107,1230.7455621301774,1572.2781065088757,1800.1775147928995,3.320041417902231,2.5971063808801764,1.7981421481778614,1.7998827662565997,2.604660260971925
50,CT,2019,21148.50295857988,836.3905325443787,999.1242603550296,1251.1656804733727,1599.621301775148,1831.414201183432,0.4662601105946296,1.454047298596417,1.6591665224331198,1.7390813465555155,1.735200341846621
51,CT,2020,21269.023668639053,869.8284023668639,1033.0473372781064,1293.5976331360946,1643.9763313609467,1907.4082840236686,3.9978776087725487,3.3952810745504713,3.3913935879913204,2.772845643939381,4.149475459518137
52,CT,2021,21269.023668639053,910.3905325443787,1079.4319526627219,1347.5976331360946,1701.4852071005917,2004.2721893491125,4.663233583445026,4.490076467050441,4.174404669331899,3.498157159722415,5.07829949868468
53,CT,2022,21269.023668639053,927.1301775147929,1092.2899408284025,1366.4970414201184,1716.0887573964496,2036.3136094674555,1.838732321131431,1.19118098495814,1.402451875790378,0.8582825307510644,1.598656125081921
54,CT,2023,21127.508875739644,1063.7988165680474,1249.0059171597634,1559.3431952662722,1943.7869822485206,2326.3136094674555,14.741040942017424,14.347470435597543,14.112445764664105,13.268441033173684,14.241421294426338
55,CT,2024,21127.508875739644,1171.1005917159764,1358.2307692307693,1695.1952662721894,2103.644970414201,2510.201183431953,10.086660511063394,8.744942723680849,8.712134148423889,8.224048706240472,7.904676876588157
57,DC,2018,601723.0,1504.0,1561.0,1793.0,2353.0,2902.0,4.444444444444451,3.172504957039002,2.691867124856806,2.30434782608695,1.6462346760069968
58,DC,2019,601723.0,1415.0,1454.0,1665.0,2176.0,2678.0,-5.917553191489366,-6.854580397181298,-7.138873396542111,-7.522311942201442,-7.718814610613367
59,DC,2020,672390.0,1457.0,1500.0,1707.0,2215.0,2707.0,2.9681978798586472,3.1636863823933936,2.522522522522519,1.7922794117646967,1.0828976848394234
60,DC,2021,672390.0,1513.0,1548.0,1765.0,2263.0,2742.0,3.8435140700068704,3.200000000000003,3.397773872290566,2.1670428893905136,1.2929442186922824
61,DC,2022,672390.0,1539.0,1567.0,1785.0,2260.0,2713.0,1.7184401850627973,1.2273901808785626,1.1331444759206777,-0.1325673884224443,-1.057622173595918
62,DC,2023,701974.0,1589.0,1615.0,1838.0,2299.0,2742.0,3.248862897985716,3.063178047224002,2.9691876750700175,1.725663716814152,1.0689273866568483
63,DC,2024,701974.0,1772.0,1803.0,2045.0,2544.0,3015.0,11.516677155443666,11.640866873065026,11.262241566920572,10.656807307525007,9.956236323851208
65,DE,2018,299311.3333333333,750.0,849.0,1033.0,1418.3333333333333,1634.0,-1.9607843137254943,-1.6602316602316591,-2.0233955105912083,-1.7094017094017144,-1.763527054108216
66,DE,2019,299311.3333333333,800.0,893.0,1095.6666666666667,1503.0,1742.0,6.666666666666665,5.1825677267373305,6.066473055824462,5.969447708578146,6.609547123623005
67,DE,2020,314576.6666666667,793.6666666666666,879.0,1072.6666666666667,1463.3333333333333,1697.6666666666667,-0.7916666666666683,-1.5677491601343796,-2.0991785822938813,-2.639166112220015,-2.544967470340598
68,DE,2021,314576.6666666667,806.3333333333334,893.3333333333334,1097.0,1466.3333333333333,1695.6666666666667,1.5959680806383991,1.630640879787637,2.268489745183344,0.20501138952164766,-0.11780875711761007
69,DE,2022,314576.6666666667,814.0,886.6666666666666,1088.0,1439.0,1666.3333333333333,0.9508061182306626,-0.7462686567164312,-0.8204193254329972,-1.864060013639457,-1.729899744446639
70,DE,2023,322559.6666666667,934.6666666666666,1014.0,1252.6666666666667,1637.3333333333333,1910.0,14.82391482391483,14.360902255639107,15.13480392156863,13.782719481121152,14.622924584916985
71,DE,2024,322559.6666666667,1107.3333333333333,1185.3333333333333,1467.6666666666667,1894.6666666666667,2203.6666666666665,18.473609129814548,16.896778435239955,17.163384779137836,15.716612377850181,15.375218150087244
73,FL,2018,280616.5671641791,664.8358208955224,735.7910447761194,903.1492537313433,1218.1791044776119,1431.6119402985075,3.347950163569302,3.0972248363552612,3.0886912671641342,2.872483898208955,2.9085798276953456
74,FL,2019,280616.5671641791,705.4328358208955,773.4925373134329,946.820895522388,1275.4328358208954,1507.8955223880596,6.106321839080464,5.123940119274617,4.835484457371386,4.699943639883353,5.328509768760803
75,FL,2020,302663.50746268657,742.7014925373135,810.6268656716418,991.5970149253732,1327.8955223880596,1574.0746268656717,5.283090724441442,4.800864464340848,4.729101313113815,4.113324127600815,4.388838848251497
76,FL,2021,302663.50746268657,771.0149253731344,835.1940298507462,1021.2835820895523,1357.6119402985075,1609.7164179104477,3.8122224231828206,3.030637796435398,2.9938136881557,2.2378581303600376,2.2643012241259974
77,FL,2022,302663.50746268657,817.0746268656717,882.5373134328358,1074.44776119403,1417.7761194029852,1676.1492537313434,5.973905300243909,5.668537117123562,5.205623593370934,4.43161829375549,4.126990014000809
78,FL,2023,316670.50746268657,928.4626865671642,1000.3582089552239,1209.2388059701493,1584.9701492537313,1879.044776119403,13.632544205757702,13.350245222391344,12.545146413291096,11.792696150161586,12.104860109347992
79,FL,2024,316670.50746268657,1058.3731343283582,1130.6268656716418,1358.686567164179,1773.2537313432836,2085.805970149254,13.991994470075708,13.022201002625922,12.358829410385198,11.879314079082427,11.003526720467693
81,GA,2018,60928.63522012578,598.8490566037735,625.1761006289308,762.3522012578617,1021.4465408805031,1213.138364779874,6.679737829813437,5.998208535050864,5.5861882736213175,5.203495339331643,5.011323795213518
82,GA,2019,60928.63522012578,618.5911949685535,644.9748427672956,779.62893081761,1040.0,1231.0251572327045,3.296680214667558,3.166906431395433,2.266239873281961,1.8163906163413568,1.4744231138115849
83,GA,2020,64161.19496855346,627.8176100628931,655.4025157232704,787.6352201257862,1040.9496855345913,1230.7924528301887,1.4915205986416602,1.6167565406480566,1.0269358911270565,0.09131591678761541,-0.01890330194704859
84,GA,2021,64161.19496855346,631.9937106918239,658.3962264150944,792.7044025157232,1041.25786163522,1228.9056603773586,0.6651773639341663,0.45677436689730566,0.6435951898046799,0.02960528303252996,-0.15329899435859717
85,GA,2022,64161.19496855346,680.3647798742138,706.7106918238994,853.0,1111.9748427672955,1310.7798742138364,7.6537263526625265,7.338205091464878,7.606315455410995,6.791495530321345,6.662367704558925
86,GA,2023,66142.00628930818,774.8427672955975,806.6603773584906,966.37106918239,1248.1698113207547,1462.6729559748428,13.886372460204477,14.14294232292399,13.29086391352754,12.248026062758765,11.587993129060447
87,GA,2024,66142.00628930818,900.7484276729559,932.8427672955975,1113.308176100629,1426.7295597484276,1665.9496855345913,16.24918831168831,15.642566993349384,15.205039927629137,14.30572561587029,13.8976200202094
89,HI,2018,272060.2,1088.6,1268.6,1621.2,2269.2,2717.0,15.562632696390644,16.15088811572971,16.381909547738704,16.716387202962647,15.666240953597278
90,HI,2019,272060.2,1122.2,1292.2,1658.8,2310.2,2771.6,3.086533161859273,1.860318461295929,2.3192696767826204,1.8068041600564078,2.0095693779904167
91,HI,2020,284332.0,1236.0,1406.4,1797.6,2500.6,2926.4,10.140794867225079,8.837641232007432,8.36749457439112,8.241710674400494,5.5852215326887
92,HI,2021,284332.0,1259.8,1405.4,1797.6,2479.8,2860.6,1.9255663430420622,-0.07110352673492804,0.0,-0.8318003679116948,-2.2484964461454426
93,HI,2022,284332.0,1310.4,1466.0,1887.8,2569.2,2944.8,4.016510557231312,4.311939661306385,5.017801513128628,3.6051294459230387,2.943438439488233
94,HI,2023,284014.8,1392.0,1541.4,1999.8,2695.4,3062.4,6.227106227106227,5.143246930422918,5.932831867782595,4.912034874669158,3.9934800325998276
95,HI,2024,284014.8,1523.6,1634.8,2122.4,2839.8,3264.4,9.45402298850575,6.059426495393794,6.130613061306134,5.357275358017377,6.596133751306166
97,IA,2018,30771.262626262625,487.67676767676767,542.020202020202,697.6363636363636,927.1616161616162,1026.141414141414,2.9863481228668887,2.4534606205250498,2.6073004412354717,2.473959786989388,2.3144324705408392
98,IA,2019,30771.262626262625,503.85858585858585,556.060606060606,714.7878787878788,951.4040404040404,1053.4141414141413,3.3181441590720784,2.5903838986209404,2.458517939362337,2.6146923923345833,2.657794227664678
99,IA,2020,31495.80808080808,515.6060606060606,569.6767676767677,729.3535353535353,969.929292929293,1076.989898989899,2.3315023455354744,2.4486830154405226,2.037759312644849,1.9471488178025131,2.2380331389997066
100,IA,2021,31495.80808080808,540.6666666666666,593.1313131313132,759.5858585858585,1004.929292929293,1115.3838383838383,4.860417278871565,4.117167275435296,4.145084895992013,3.6085104610353858,3.5649303145692146
101,IA,2022,31495.80808080808,563.4444444444445,618.4040404040404,787.8686868686868,1036.7373737373737,1154.6666666666667,4.212905877517481,4.260899182561295,3.72345376933203,3.1652058539723305,3.521911196037064
102,IA,2023,31818.29292929293,615.3535353535353,669.8282828282828,849.2222222222222,1112.0707070707072,1230.1010101010102,9.212814399168167,8.315638169285533,7.787279324093888,7.266385416565191,6.532997410595565
103,IA,2024,31818.29292929293,663.2121212121212,718.7979797979798,908.6868686868687,1182.1919191919192,1308.3939393939395,7.777413000656597,7.310783707568658,7.002248046340687,6.305463463372529,6.364756117589088
105,ID,2018,35626.86363636364,533.25,579.6363636363636,747.5454545454545,1031.5,1242.340909090909,2.8808208366219334,3.1381429957942464,3.320245013350087,3.3614210885902995,1.6248675379724409
106,ID,2019,35626.86363636364,526.0,581.9090909090909,751.1818181818181,1035.2045454545455,1223.090909090909,-1.359587435536802,0.39209535759097136,0.48644047184724926,0.3591415855109581,-1.549494173389676
107,ID,2020,37667.72727272727,564.1363636363636,616.5454545454545,793.1818181818181,1096.409090909091,1286.0681818181818,7.250259246456969,5.952194969536007,5.591189640566374,5.912314211069392,5.149026311877503
108,ID,2021,37667.72727272727,592.5909090909091,640.5681818181819,821.4318181818181,1146.090909090909,1341.2727272727273,5.043912658125871,3.896343261574775,3.5616045845272115,4.531321255337661,4.292505345750786
109,ID,2022,37667.72727272727,637.6136363636364,688.4545454545455,876.6590909090909,1224.25,1444.1818181818182,7.597606811382973,7.475607592691147,6.723293583819823,6.8196240184024814,7.672495594415074
110,ID,2023,39871.97727272727,698.6136363636364,757.6818181818181,961.4545454545455,1342.1363636363637,1583.3863636363637,9.566922117269637,10.055460187508247,9.672568895341316,9.629272096088526,9.638990305929763
111,ID,2024,39871.97727272727,760.7272727272727,832.0909090909091,1048.2045454545455,1455.1363636363637,1739.659090909091,8.890985393148764,9.820625112484272,9.022787443267767,8.419412740881228,9.869525901046373
113,IL,2018,125790.50980392157,528.3627450980392,603.656862745098,766.9313725490196,1006.5392156862745,1140.6078431372548,2.672890074299872,2.180587132212608,2.029450509319042,2.304840863343749,1.3617473579661699
114,IL,2019,125790.50980392157,551.3137254901961,622.2156862745098,787.4803921568628,1033.2745098039215,1169.0,4.343792329245,3.0743994932844076,2.6793817991230817,2.6561602072720625,2.489212838012067
115,IL,2020,126024.75490196078,556.4607843137255,624.4509803921569,787.3921568627451,1032.549019607843,1162.6568627450981,0.9335988903510284,0.3592474710868876,-0.011204760778360523,-0.07021272558210834,-0.5426122544826217
116,IL,2021,126024.75490196078,570.9019607843137,638.0882352941177,801.4607843137255,1050.0,1181.4313725490197,2.5951831427614813,2.1838791722925244,1.7867370570510799,1.6900873528294724,1.6147937027261694
117,IL,2022,126024.75490196078,593.5294117647059,660.5,828.8725490196078,1085.0392156862745,1213.2450980392157,3.963456518752584,3.5123300299608085,3.4202253238571734,3.3370681605975783,2.692811976167153
118,IL,2023,124668.27450980392,632.6372549019608,704.4019607843137,882.1862745098039,1149.9019607843138,1281.7843137254902,6.589032044928977,6.646776803075505,6.432077591815011,5.9779171259735975,5.649247278809866
119,IL,2024,124668.27450980392,689.8725490196078,767.1862745098039,957.6666666666666,1244.6470588235295,1389.9803921568628,9.047095104526658,8.913137274005202,8.556060589222403,8.239406599028044,8.441051842560165
121,IN,2018,70476.10869565218,528.8478260869565,599.3804347826087,759.7934782608696,1001.6086956521739,1127.1521739130435,4.632258064516126,3.941415969237738,3.7060664955565814,3.7188780334068694,2.9822732012513065
122,IN,2019,70476.10869565218,533.4891304347826,604.1847826086956,763.9347826086956,1006.3804347826087,1133.2934782608695,0.8776256833970653,0.8015523275846315,0.5450565800203089,0.4764075183400607,0.5448513953981715
123,IN,2020,71895.92391304347,548.9782608695652,620.0108695652174,782.2608695652174,1027.0869565217392,1165.1847826086957,2.9033638271428908,2.6194117117927407,2.3989072593267213,2.0575242744661937,2.8140375780478344
124,IN,2021,71895.92391304347,565.4021739130435,634.804347826087,800.6630434782609,1047.9130434782608,1193.6847826086957,2.9917237555934006,2.386003050437413,2.35243441529569,2.027684883376346,2.445963972872378
125,IN,2022,71895.92391304347,579.6739130434783,647.1304347826087,814.304347826087,1059.1521739130435,1210.804347826087,2.52417478901128,1.9417143248518842,1.70375096726898,1.0725251016513226,1.4341780566204276
126,IN,2023,72792.31521739131,652.5760869565217,726.5760869565217,912.1630434782609,1177.4021739130435,1347.6195652173913,12.576411025689115,12.276605751142156,12.01745955470126,11.164590217770565,11.299531393073226
127,IN,2024,72792.31521739131,724.4782608695652,802.6413043478261,1001.2934782608696,1285.7826086956522,1463.0326086956522,11.01820543997869,10.468995437205475,9.771327113049487,9.205047959306146,8.564215484630711
129,KS,2018,27172.55238095238,522.4761904761905,574.0666666666667,736.5333333333333,974.952380952381,1106.7904761904763,2.184886471585301,2.2441225362146877,2.0775586705736426,1.9215452011150935,1.939439658953357
130,KS,2019,27172.55238095238,512.8190476190476,560.4380952380952,717.9809523809524,949.5714285714286,1076.4857142857143,-1.8483412322274906,-2.3740398493621195,-2.5188786593565604,-2.6033017485591503,-2.7380757746551687
131,KS,2020,27655.04761904762,544.6857142857143,589.2190476190476,751.5714285714286,992.0285714285715,1125.4476190476191,6.214017754336432,5.135438262583691,4.678463415928258,4.471190010531068,4.548309755730728
132,KS,2021,27655.04761904762,563.0285714285715,592.6571428571428,756.7523809523809,994.9142857142857,1129.7142857142858,3.367603860679824,0.5835003555957785,0.6893492998796047,0.29089023933641656,0.3791084182378279
133,KS,2022,27655.04761904762,580.2095238095238,611.6952380952381,778.5428571428571,1017.952380952381,1153.2666666666667,3.0515240705030644,3.2123286570570064,2.879472432323582,2.3155859322650407,2.084808632608315
134,KS,2023,27739.22857142857,614.6,658.9714285714285,836.4190476190477,1081.990476190476,1228.6380952380953,5.927251239289588,7.728716447655226,7.433911947839067,6.290873368573702,6.535472735831149
135,KS,2024,27739.22857142857,670.4666666666667,733.4571428571429,928.2761904761904,1198.4,1353.247619047619,9.089922985139376,11.303329864724265,10.98219165603933,10.758830726438951,10.142085313200067
137,KY,2018,36161.39166666667,484.30833333333334,539.3833333333333,680.425,909.7666666666667,1033.3666666666666,1.4771874072392777,1.4720867888441402,1.4461962801446182,1.0187746944138487,1.1930603384961769
138,KY,2019,36161.39166666667,491.9583333333333,545.7,688.5166666666667,918.0333333333333,1042.325,1.579572242201066,1.171090442789624,1.189207725563679,0.9086578976294168,0.8669075191122921
139,KY,2020,36869.583333333336,498.10833333333335,555.7083333333334,699.2666666666667,928.7666666666667,1051.0583333333334,1.2501058693995093,1.8340357950033637,1.561327491467157,1.1691659707345536,0.8378704658655645
140,KY,2021,36869.583333333336,527.1583333333333,582.0666666666667,733.2666666666667,972.3333333333334,1099.4916666666666,5.832064644571955,4.743195621204177,4.862236628849281,4.6908085992176,4.608053787055888
141,KY,2022,36869.583333333336,535.5833333333334,593.0,746.6416666666667,984.9666666666667,1113.4166666666667,1.598191561675022,1.8783644485167672,1.824029457223375,1.2992800822763106,1.2664943648201143
142,KY,2023,37182.933333333334,598.3083333333333,656.4666666666667,822.5333333333333,1078.8416666666667,1214.325,11.711529484985196,10.70264193367061,10.164402825987473,9.530779383397059,9.062944390389926
143,KY,2024,37182.933333333334,686.9333333333333,756.3,946.2083333333334,1236.0166666666667,1388.8083333333334,14.812596626599994,15.207677465217827,15.035864807910526,14.568866299503313,14.368750814924613
145,LA,2018,70833.9375,579.265625,640.3125,783.171875,1028.515625,1191.171875,7.203169278815569,6.660420082767238,6.07368844306182,5.858608600559645,5.076359025250854
146,LA,2019,70833.9375,582.625,642.28125,780.09375,1024.734375,1184.1875,0.5799368812882788,0.3074670571010296,-0.3930331384793373,-0.36764147360425214,-0.5863448547255179
147,LA,2020,72866.5625,617.3125,672.390625,819.53125,1073.171875,1227.75,5.953658013301877,4.687880114825083,5.05548211352802,4.726834698016247,3.6786826410513562
148,LA,2021,72866.5625,633.953125,693.34375,844.09375,1103.671875,1260.265625,2.695656575883376,3.116213138753987,2.997140133460441,2.8420424268013944,2.6483913663205128
149,LA,2022,72866.5625,616.421875,674.03125,822.578125,1071.0,1224.015625,-2.76538584773125,-2.785414882588899,-2.5489615341897753,-2.9602888086642576,-2.876377747746628
150,LA,2023,72884.625,673.875,731.890625,891.609375,1155.734375,1332.125,9.320422802970786,8.584079002271782,8.392060024693704,7.911706349206349,8.832352528179532
151,LA,2024,72884.625,767.8125,831.375,1010.046875,1301.578125,1520.71875,13.939899833055103,13.592792638927431,13.28356378038309,12.619140968269637,14.157361358731357
153,MA,2018,18654.213675213676,973.2307692307693,1086.4188034188035,1352.082621082621,1706.951566951567,1893.042735042735,9.186449020817422,7.279039214086591,7.281946252893512,7.341403855146256,6.129039986583296
154,MA,2019,18654.213675213676,1098.3475783475783,1221.2250712250711,1518.934472934473,1916.3532763532764,2099.6951566951566,12.855821360405596,12.408315042233408,12.340359179992454,12.267583536402181,10.91641608649454
155,MA,2020,19342.649572649574,1148.948717948718,1273.1994301994303,1588.4501424501425,1995.0740740740741,2195.814814814815,4.607024278896055,4.2559197480462,4.576607533396104,4.107843720266402,4.577791105207241
156,MA,2021,19342.649572649574,1183.7806267806268,1314.8176638176637,1642.079772079772,2057.7891737891737,2276.957264957265,3.031633030070835,3.2687914109193805,3.376223665849998,3.143497303186904,3.6953230115306157
157,MA,2022,19342.649572649574,1238.8746438746439,1375.7378917378917,1714.6039886039887,2134.4387464387464,2387.290598290598,4.654073216576382,4.633359407671933,4.416607387615601,3.724850612778363,4.845647963243782
158,MA,2023,19581.20512820513,1378.179487179487,1523.5356125356125,1893.082621082621,2332.991452991453,2624.039886039886,11.244466419068843,10.743159847913786,10.409320966525204,9.302337997939114,9.917070335668821
159,MA,2024,19581.20512820513,1500.4871794871794,1636.3276353276353,2026.4159544159545,2489.356125356125,2805.6524216524217,8.87458371318537,7.403307271846682,7.043186168867921,6.702325127002728,6.921104232398667
161,MD,2018,240564.66666666666,925.1666666666666,1044.2083333333333,1272.8333333333333,1663.8333333333333,2005.4166666666667,1.8672294352433783,2.3775481024551626,1.949005473234533,1.9557779706888434,1.5036801147267909
162,MD,2019,240564.66666666666,896.9166666666666,1016.875,1237.4583333333333,1623.875,1943.5833333333333,-3.053503873176,-2.6176130242208995,-2.7792326829907066,-2.401582690573967,-3.083316019114901
163,MD,2020,249836.25,908.9583333333334,1023.4166666666666,1242.6666666666667,1637.375,1946.5,1.3425624825792237,0.643310796967822,0.4208895922421796,0.8313447771534088,0.1500664580028399
164,MD,2021,249836.25,932.2083333333334,1035.9166666666667,1256.375,1659.625,1958.0416666666667,2.557873023149204,1.2213989088836419,1.1031384120171683,1.3588823574318676,0.5929446014213635
165,MD,2022,249836.25,974.3333333333334,1054.2083333333333,1276.1666666666667,1679.4583333333333,1970.0,4.518839672819919,1.7657469230150324,1.5752993068683052,1.195049082373023,0.610729257548992
166,MD,2023,251567.66666666666,1071.5,1146.5,1382.7083333333333,1810.0,2111.7083333333335,9.972630858706811,8.754594680052175,8.348569936006257,7.772843426700082,7.193316412859563
167,MD,2024,251567.66666666666,1269.0833333333333,1355.1666666666667,1621.9166666666667,2108.6666666666665,2435.125,18.43988178565872,18.20031981392645,17.299984932951638,16.50092081031307,15.315404194865923
169,ME,2018,2492.223264540338,633.4765478424015,676.2007504690431,825.4953095684803,1083.8048780487804,1215.0206378986866,5.101570719741999,3.744311427230884,4.10688258342955,4.467938122330284,5.0338242759528695
170,ME,2019,2492.223264540338,679.968105065666,719.9287054409006,887.1613508442776,1162.0112570356473,1304.405253283302,7.3391126130261775,6.466711984795315,7.470186754668862,7.215909484340499,7.356633508645705
171,ME,2020,2495.547842401501,640.0356472795497,684.7861163227017,849.2326454033771,1108.3527204502814,1262.5084427767354,-5.87269571743515,-4.881398512464752,-4.275288300691327,-4.61772949792687,-3.211947391434433
172,ME,2021,2495.547842401501,665.3151969981238,723.7748592870544,909.0450281425891,1170.8724202626643,1354.8480300187616,3.9497096491459605,5.693565046809379,7.043109219005794,5.640776501814648,7.3139778011255485
173,ME,2022,2500.1353383458645,706.2725563909775,757.1860902255639,962.6936090225564,1234.4022556390978,1434.2462406015038,6.156083549218727,4.616246407262725,5.9016417470084015,5.425854625748361,5.860303799655142
174,ME,2023,2529.8584905660377,765.4132075471698,821.2603773584906,1044.9471698113207,1339.2716981132075,1522.543396226415,8.373630069728112,8.462158505030004,8.544105831582094,8.49556471523254,6.156345620810599
175,ME,2024,2529.8584905660377,829.7754716981132,894.8622641509434,1134.8754716981132,1465.7396226415094,1633.7943396226415,8.408825914723582,8.96206475091208,8.606014206730684,9.443037190024416,7.306914448018942
177,MI,2018,119080.0,533.6024096385543,600.0722891566265,762.7590361445783,1013.5542168674699,1131.0722891566265,4.754133257645643,3.319088910094181,3.2385891101218034,2.6715973442686947,2.7740981991351443
178,MI,2019,119080.0,542.2409638554217,607.5301204819277,767.9879518072289,1016.8192771084338,1129.686746987952,1.6189121452279354,1.2428221499417802,0.6855265444091652,0.32213967310550373,-0.12249810926830973
179,MI,2020,119585.06024096385,547.0361445783133,614.1807228915662,772.710843373494,1017.2409638554217,1127.3975903614457,0.8843265342398876,1.0946950917203768,0.6149694868456068,0.041471159770600785,-0.20263640629667456
180,MI,2021,119585.06024096385,578.5783132530121,646.9638554216867,815.0963855421687,1066.6385542168675,1182.1807228915663,5.766011805127302,5.337701316279886,5.485304435955407,4.856036289988275,4.859255776177163
181,MI,2022,119585.06024096385,596.3855421686746,664.3614457831326,836.0602409638554,1088.7951807228915,1211.1927710843374,3.077756028486922,2.6891131885731445,2.571948028912252,2.0772384814358613,2.454112779119666
182,MI,2023,120167.55421686747,659.9277108433735,737.277108433735,924.5542168674699,1194.710843373494,1335.2530120481927,10.654545454545449,10.975300134198962,10.584641102128467,9.727785769613817,10.24281550597339
183,MI,2024,120167.55421686747,729.7349397590361,810.5060240963855,1014.5783132530121,1303.433734939759,1451.5301204819277,10.578011465293757,9.932346308461604,9.737027287654087,9.1003519528847,8.708245357587586
185,MN,2018,60964.65517241379,517.8735632183908,612.735632183908,785.919540229885,1057.7816091954023,1206.5057471264367,3.2211505418222597,2.442492841631916,2.2643992761101295,2.074159521723229,1.5862262525767612
186,MN,2019,60964.65517241379,538.4252873563219,629.183908045977,803.2988505747127,1088.1379310344828,1234.4942528735633,3.968482965264686,2.68440009004276,2.211334552102384,2.869809947080748,2.319798791989802
187,MN,2020,63111.89655172414,561.551724137931,645.7126436781609,823.0344827586207,1120.5402298850574,1272.448275862069,4.2951988557522025,2.627011819726355,2.456823157382626,2.9777749609160464,3.074459269466767
188,MN,2021,63111.89655172414,580.2068965517242,662.8275862068965,842.2183908045977,1145.7011494252874,1304.344827586207,3.3220755296284876,2.6505509372162894,2.3308753700910456,2.245427595474281,2.506707135307984
189,MN,2022,63111.89655172414,614.5862068965517,698.080459770115,884.4597701149426,1194.2068965517242,1362.7241379310344,5.925353619398543,5.318558596053147,5.015490016786539,4.233717243870139,4.475757415534276
190,MN,2023,64369.724137931036,675.0114942528736,764.7701149425287,963.3218390804598,1292.9770114942528,1479.4137931034484,9.831865192915522,9.553290632769663,8.916411082809162,8.270770770770763,8.56296971077204
191,MN,2024,64369.724137931036,759.0229885057471,844.4942528735633,1065.1379310344828,1419.632183908046,1627.8275862068965,12.44593536082823,10.424588562410776,10.56927060339583,9.795624461058416,10.031932498892848
193,MO,2018,51641.387931034486,470.3534482758621,539.3362068965517,695.2672413793103,931.0862068965517,1058.6637931034484,-0.4288634206876307,-0.24077558439902225,-0.36074768664369206,-0.41124183970788764,-0.7636363636363663
194,MO,2019,51641.387931034486,479.9396551724138,550.3965517241379,707.8879310344828,945.3362068965517,1079.8706896551723,2.0380858122101886,2.050732861275817,1.8152285774510002,1.53047052941504,2.003175766459009
195,MO,2020,52381.93103448276,484.9913793103448,547.9396551724138,701.6293103448276,935.1724137931035,1065.0775862068965,1.0525748567528304,-0.4463866177990661,-0.8841259209645069,-1.075151150384368,-1.3698958208597678
196,MO,2021,52381.93103448276,513.1465517241379,569.5431034482758,729.3879310344828,968.3879310344828,1107.2413793103449,5.805293375282172,3.9426692468651936,3.95630859207019,3.5518067846607604,3.9587532072295373
197,MO,2022,52381.93103448276,541.8706896551724,588.8879310344828,750.4827586206897,992.2758620689655,1141.655172413793,5.597648047039061,3.3965519851060444,2.8921273150610327,2.466772898435887,3.1080660230457635
198,MO,2023,52794.48275862069,604.4137931034483,645.4310344827586,819.5,1079.698275862069,1248.2155172413793,11.542071686526544,9.601674693680362,9.196379342032724,8.810293299972205,9.333846804397727
199,MO,2024,52794.48275862069,666.6551724137931,702.1379310344828,886.7844827586207,1164.6206896551723,1344.353448275862,10.297809219534471,8.785895552290635,8.210431087080018,7.86538384765858,7.702029794258003
201,MS,2018,36186.54878048781,503.3048780487805,567.1829268292682,701.3536585365854,924.4268292682926,1032.8536585365853,-1.9481599391793836,-3.2513729405891256,-3.0086853866261865,-2.6394204834442214,-2.2517167753477008
202,MS,2019,36186.54878048781,506.280487804878,559.390243902439,692.0,905.0365853658536,1019.7439024390244,0.5912141697560047,-1.373927626910909,-1.3336579089217704,-2.097542313628742,-1.269275273336945
203,MS,2020,36417.01219512195,524.2926829268292,569.3414634146342,703.3048780487804,915.5853658536586,1043.0243902439024,3.5577502107671855,1.7789404839764655,1.633652897222615,1.1655639847466093,2.282973965247126
204,MS,2021,36417.01219512195,552.7560975609756,589.7073170731708,727.1341463414634,940.560975609756,1072.5487804878048,5.428917007815404,3.577089491496377,3.388184702883601,2.7278297237539606,2.8306519502385052
205,MS,2022,36417.01219512195,577.8170731707318,613.5731707317074,749.2682926829268,971.4268292682926,1090.219512195122,4.533821647619485,4.047067582099428,3.0440251572326993,3.2816430256982,1.647545736733802
206,MS,2023,36363.84146341463,639.9268292682926,671.6219512195122,816.1219512195122,1051.8048780487804,1178.1463414634147,10.749034423080971,9.460775545087753,8.922526041666679,8.274225742872577,8.065057383834095
207,MS,2024,36363.84146341463,760.5365853658536,794.1341463414634,957.6463414634146,1226.7682926829268,1366.6707317073171,18.847429203033883,18.2412434405244,17.341083649621947,16.63458862814211,16.00178039085789
209,MT,2018,17668.125,533.9464285714286,604.4821428571429,757.7142857142857,1024.4107142857142,1240.0535714285713,4.432103939647947,4.987128989237988,6.106526631657894,5.708599753081867,6.22093734703868
210,MT,2019,17668.125,520.5714285714286,589.5178571428571,749.1071428571429,1005.375,1213.232142857143,-2.50493294538644,-2.4755546364952363,-1.1359351432880693,-1.85821116669862,-2.162924988839754
211,MT,2020,18390.178571428572,560.7857142857143,635.5714285714286,809.0178571428571,1080.9285714285713,1286.3035714285713,7.725027442371024,7.812074031442173,7.997616209773528,7.514964210227171,6.022872786682543
212,MT,2021,18390.178571428572,587.625,654.4285714285714,831.2142857142857,1108.3035714285713,1300.4464285714287,4.786014520443249,2.9669588671611624,2.743626531287946,2.532544769708589,1.0994960643038842
213,MT,2022,18390.178571428572,581.8928571428571,648.1071428571429,819.1964285714286,1099.1785714285713,1279.0892857142858,-0.9754763424195567,-0.9659462999345059,-1.4458193692532428,-0.8233303794409119,-1.6422931685547537
214,MT,2023,18959.01785714286,642.5178571428571,708.625,892.3214285714286,1195.892857142857,1401.625,10.418584668262444,9.337631564445914,8.926430517711182,8.798778308477107,9.579918747993133
215,MT,2024,18959.01785714286,692.9285714285714,764.9464285714286,959.6071428571429,1283.1964285714287,1507.1964285714287,7.845807509518932,7.947987803341472,7.540524314588759,7.300283709123501,7.53207374093845
217,NC,2018,95354.83,602.89,627.72,773.1,1037.96,1239.17,4.662951582382857,4.025321909749291,4.142250959789862,3.9134221670487745,4.566013535179669
218,NC,2019,95354.83,617.04,638.19,784.3,1050.8,1260.67,2.347028479490443,1.6679411202447092,1.4487129737420723,1.2370418898608682,1.7350323200206574
219,NC,2020,100525.6,633.14,651.65,799.12,1062.55,1282.35,2.609231168157655,2.1090897695043687,1.8895830677036818,1.1181956604491727,1.7197204661013377
220,NC,2021,100525.6,657.3,674.45,825.05,1089.86,1312.96,3.815901696307278,3.498810711271405,3.2448193012313498,2.5702319890828607,2.3870238234491525
221,NC,2022,100525.6,684.6,708.88,864.77,1134.8,1368.58,4.15335463258788,5.10490028912447,4.814253681595049,4.12346539922559,4.236229588106255
222,NC,2023,103862.27,751.61,781.94,946.68,1233.93,1486.67,9.788197487583993,10.306398826317587,9.47188269713335,8.735459992950311,8.62865159508397
223,NC,2024,103862.27,865.55,900.89,1082.91,1407.55,1676.67,15.159457697476086,15.212164616210956,14.390290277601746,14.070490222297849,12.780240403048415
225,ND,2018,12690.396226415094,592.0,609.0377358490566,764.4905660377359,1063.377358490566,1187.622641509434,-0.9251949856326269,-1.4562217608987682,-2.142253351044543,-1.9519493397818555,-0.009531374106419577
226,ND,2019,12690.396226415094,605.4150943396227,624.6415094339623,779.2075471698113,1066.7735849056603,1223.7735849056603,2.2660632330443686,2.5620372378326373,1.9250703391085366,0.31938111038165573,3.043975597356363
227,ND,2020,14065.471698113208,596.2452830188679,613.9433962264151,765.622641509434,1053.3962264150944,1201.566037735849,-1.5146320939944613,-1.7126804808796026,-1.7434258317594042,-1.254001662569193,-1.8146777674992287
228,ND,2021,14065.471698113208,606.2264150943396,621.7169811320755,780.7358490566038,1074.1698113207547,1212.7169811320755,1.6739976583019622,1.2661729002120703,1.9739760461333855,1.9720580333154158,0.9280341692445404
229,ND,2022,14065.471698113208,622.5849056603773,637.811320754717,797.6603773584906,1084.2641509433963,1261.245283018868,2.698412698412711,2.5886923006888996,2.167766258246928,0.9397340640424412,4.001618072626556
230,ND,2023,14347.056603773584,685.188679245283,705.5094339622641,878.5283018867924,1190.377358490566,1431.0,10.055459587235195,10.614128505502297,10.138139842936877,9.786656457731514,13.459294497800922
231,ND,2024,14347.056603773584,722.0,742.8490566037735,911.2641509433962,1224.3962264150944,1495.4716981132076,5.372435632658679,5.292575952075307,3.726214509686021,2.857822158820733,4.505359756338745
233,NE,2018,19638.075268817203,446.83870967741933,530.9139784946236,682.3548387096774,895.2903225806451,993.3978494623656,2.4733065371242535,1.7537713296513102,1.2913008778930646,1.6245377207650291,1.249369835390035
234,NE,2019,19638.075268817203,488.26881720430106,578.7311827956989,738.0860215053764,967.7096774193549,1080.8064516129032,9.271825969775715,9.006582278481012,8.167478214280099,8.088924119045915,8.798952222198174
235,NE,2020,20364.83870967742,480.4623655913978,568.6451612903226,723.6236559139785,946.3978494623656,1062.6236559139784,-1.5988019996036051,-1.742781762104717,-1.9594417412080123,-2.202295632076634,-1.682335969755766
236,NE,2021,20364.83870967742,507.494623655914,594.6344086021505,758.9139784946236,988.7741935483871,1101.8064516129032,5.626300830293407,4.57038045533622,4.876889014369135,4.477645855820023,3.687363393507659
237,NE,2022,20364.83870967742,526.8279569892474,610.2688172043011,778.5268817204301,1007.2258064516129,1121.3440860215053,3.80956416721403,2.6292472107195097,2.584338117570373,1.866109878637623,1.7732365226216906
238,NE,2023,20686.301075268817,587.9032258064516,670.4623655913979,855.258064516129,1100.1935483870968,1214.4408602150538,11.59301969588733,9.863448154347655,9.855945195641059,9.230079426082494,8.302248645538679
239,NE,2024,20686.301075268817,620.0752688172043,708.8924731182796,901.6236559139785,1154.1397849462367,1269.5591397849462,5.472336534064937,5.731881385017545,5.421239894894336,4.903340565687375,4.538572554297282
241,NH,2018,5082.895752895753,758.4324324324324,842.2355212355212,1063.957528957529,1391.868725868726,1621.4671814671815,3.291179177073733,3.1672988337227315,3.3623279732634126,3.3209422568191593,5.624273763952536
242,NH,2019,5082.895752895753,771.1660231660231,865.1196911196911,1096.965250965251,1440.3397683397684,1692.6756756756756,1.678935418512073,2.717074892614346,3.1023533467603004,3.48244353581475,4.391608724640439
243,NH,2020,5142.123552123552,756.7220077220077,855.8571428571429,1088.8494208494208,1425.6795366795366,1686.8918918918919,-1.8730098331764644,-1.0706666785679109,-0.7398438654906303,-1.017831485492493,-0.3416947420524008
244,NH,2021,5142.123552123552,787.5791505791506,896.1505791505791,1141.7722007722007,1491.9266409266409,1770.976833976834,4.0777382634916925,4.707962845168656,4.860431471001236,4.646703732691315,4.984607637816008
245,NH,2022,5142.123552123552,838.3050193050193,948.1814671814672,1210.5212355212354,1577.1351351351352,1854.5791505791506,6.440732806165217,5.8060430067685465,6.0212566659565425,5.711305896084218,4.720689452192461
246,NH,2023,5232.602316602317,947.992277992278,1061.4247104247104,1365.2664092664093,1774.6602316602316,2010.5250965250966,13.084409154342502,11.943203612686748,12.7833506099992,12.524297514186799,8.408697245261653
247,NH,2024,5232.602316602317,1013.988416988417,1121.5559845559847,1448.6409266409266,1874.888030888031,2071.1814671814673,6.961674744430413,5.665147376040802,6.106831370685861,5.647717655454199,3.0169417313520075
249,NJ,2018,418661.61904761905,967.8095238095239,1129.3333333333333,1393.8095238095239,1794.7142857142858,2079.285714285714,0.8084916422796518,1.9692148937999754,2.2925840497658445,1.9227648872302439,2.0329477742726976
250,NJ,2019,418661.61904761905,988.6190476190476,1158.7619047619048,1432.047619047619,1837.1904761904761,2125.095238095238,2.1501672899035595,2.605835722718841,2.7434233003074793,2.3667383056064084,2.2031375243329876
251,NJ,2020,426673.8095238095,1013.047619047619,1185.4285714285713,1466.7619047619048,1875.047619047619,2159.285714285714,2.4709792399210118,2.3013068135119497,2.4241013533734534,2.0605997770923423,1.6088914782530717
252,NJ,2021,426673.8095238095,1083.5714285714287,1257.142857142857,1552.4285714285713,1980.095238095238,2272.0476190476193,6.961549309015713,6.049650518197169,5.840529835724939,5.602397399431136,5.222185466975415
253,NJ,2022,426673.8095238095,1089.047619047619,1252.095238095238,1545.142857142857,1959.7142857142858,2239.9523809523807,0.5053834322126916,-0.4015151515151527,-0.4693107573387256,-1.0292915203693909,-1.41261291471928
254,NJ,2023,423115.14285714284,1194.0,1355.857142857143,1660.857142857143,2092.0,2387.904761904762,9.637079142982063,8.287061687076914,7.488905325443795,6.75025513923313,6.605157422564267
255,NJ,2024,423115.14285714284,1385.952380952381,1550.904761904762,1889.3809523809523,2373.6190476190477,2694.714285714286,16.076413815107294,14.38555824816492,13.759389873272543,13.461713557315846,12.848482431300612
257,NM,2018,62399.36363636364,557.7575757575758,610.3333333333334,761.5757575757576,1047.909090909091,1224.4242424242425,4.734266530101294,2.98087739032622,3.046455369223855,3.974863946600915,3.0029570714795506
258,NM,2019,62399.36363636364,598.0,651.2727272727273,806.6969696969697,1108.1515151515152,1299.1818181818182,7.21503857437793,6.707710639988074,5.924717491644116,5.748821607240973,6.1055288818492315
259,NM,2020,63176.666666666664,603.6060606060606,649.6060606060606,801.9090909090909,1093.090909090909,1296.2424242424242,0.9374683287726837,-0.25590917550716297,-0.5935163968295853,-1.3590746260494058,-0.22624962097357315
260,NM,2021,63176.666666666664,639.2727272727273,682.5454545454545,842.1212121212121,1137.3333333333333,1351.4848484848485,5.908931171243537,5.07067220226709,5.0145486150474206,4.047460634286981,4.261735552646351
261,NM,2022,63176.666666666664,613.5454545454545,661.1212121212121,812.9090909090909,1094.7878787878788,1310.5151515151515,-4.024459613196818,-3.1388740898597,-3.4688736955739485,-3.7408078439731374,-3.0314581044418087
262,NM,2023,63546.09090909091,662.060606060606,734.5151515151515,896.0,1204.3030303030303,1447.2424242424242,7.907344297920682,11.101434661044141,10.22142697383137,10.003321523472097,10.43309362499134
263,NM,2024,63546.09090909091,719.3636363636364,810.6969696969697,989.2727272727273,1328.7575757575758,1584.8181818181818,8.655254485536435,10.37171500474443,10.4099025974026,10.334155301695947,9.506061684708644
265,NV,2018,158855.9411764706,567.8235294117648,685.2352941176471,877.2941176470588,1232.1176470588234,1432.4705882352941,8.338945005611675,8.131439710387077,7.721198988804612,7.0421095666393985,5.470137294815713
266,NV,2019,158855.9411764706,575.3529411764706,695.5294117647059,883.2941176470588,1231.1176470588234,1421.9411764705883,1.3260126385579607,1.5022748733796831,0.6839211479147123,-0.08116108087462548,-0.7350525624178705
267,NV,2020,169865.88235294117,610.0588235294117,710.4705882352941,904.6470588235294,1263.2941176470588,1454.0588235294117,6.032103056947125,2.1481732070365522,2.417421417155041,2.613598356347646,2.2587184048318276
268,NV,2021,169865.88235294117,621.2941176470588,721.0588235294117,915.4117647058823,1272.6470588235295,1468.1764705882354,1.8416738983704661,1.4903129657227954,1.1899343260290074,0.740361333581685,0.9709130628261731
269,NV,2022,169865.88235294117,722.7058823529412,833.4117647058823,1068.3529411764705,1453.6470588235295,1711.8823529411766,16.32266616171181,15.58166095611031,16.707364092019006,14.222324936445574,16.599222725269435
270,NV,2023,178251.82352941178,807.0588235294117,932.2941176470588,1190.5882352941176,1652.5294117647059,1945.0,11.671821585544517,11.864765669113497,11.441471203611941,13.68161217222401,13.617620782076823
271,NV,2024,178251.82352941178,905.4117647058823,1036.7058823529412,1310.0588235294117,1798.4705882352941,2161.235294117647,12.186588921282793,11.19944475992176,10.034584980237149,8.8313814829317,11.11749584152426
273,NY,2018,312550.03225806454,753.3709677419355,835.6129032258065,1017.6935483870968,1308.1129032258063,1451.8387096774193,3.1354191967144285,2.5982256020278705,2.3454607386741655,1.788448505233542,1.2667626676266641
274,NY,2019,312550.03225806454,776.5322580645161,856.9032258064516,1044.016129032258,1339.8387096774193,1478.7096774193549,3.074353978890576,2.547869054972196,2.5864938111162195,2.4253110242531184,1.850823205279184
275,NY,2020,319326.37096774194,805.9193548387096,885.5967741935484,1076.225806451613,1378.4516129032259,1520.3709677419354,3.7844012877765065,3.3485167896401213,3.0851704800012314,2.881906825568814,2.8174083769633373
276,NY,2021,319326.37096774194,846.0806451612904,922.3064516129032,1120.3225806451612,1432.9354838709678,1577.7096774193549,4.9832889707206895,4.145190959258382,4.097353355513578,3.9525414209491627,3.771363101110725
277,NY,2022,319326.37096774194,894.1935483870968,967.8064516129032,1173.1612903225807,1492.0967741935483,1644.1612903225807,5.686562327239453,4.933284367731661,4.716383530089274,4.128677877580422,4.211903739598033
278,NY,2023,314755.62903225806,979.1935483870968,1057.758064516129,1279.5967741935483,1615.0,1787.6451612903227,9.505772005772005,9.294380374641698,9.072536295644507,8.236947357042478,8.726873197433726
279,NY,2024,314755.62903225806,1074.9516129032259,1160.3064516129032,1398.1774193548388,1758.3387096774193,1946.5,9.77927853730851,9.694881139354372,9.267032205205794,8.875461899530613,8.886262338271633
281,OH,2018,131096.63636363635,515.7045454545455,582.9090909090909,742.1477272727273,979.7840909090909,1093.625,1.6234856797366692,1.3134245817779444,1.180535113947978,0.6784212984586757,0.5758297801187195
282,OH,2019,131096.63636363635,523.4772727272727,588.875,746.1477272727273,979.5909090909091,1092.3636363636363,1.5072054999779594,1.0234716157205392,0.5389762513589247,-0.01971677433570962,-0.11533785679402886
283,OH,2020,131929.14772727274,539.8409090909091,603.5227272727273,760.5454545454545,992.4204545454545,1107.125,3.1259497243085965,2.487408579533401,1.9296081387733865,1.3096840053825831,1.351323235685764
284,OH,2021,131929.14772727274,570.9545454545455,633.1136363636364,796.7386363636364,1036.3863636363637,1151.125,5.763482507472739,4.903031444172479,4.758845326320826,4.430169580799936,3.9742576493169146
285,OH,2022,131929.14772727274,580.0568181818181,642.6477272727273,807.1818181818181,1045.8181818181818,1158.0,1.594220205397634,1.5059051584879857,1.310741232011181,0.9100677616718844,0.5972418286458892
286,OH,2023,132673.57954545456,640.1136363636364,705.8295454545455,886.4545454545455,1140.784090909091,1265.090909090909,10.353609560192002,9.831485509168392,9.820925779930189,9.080537204450634,9.24791961061391
287,OH,2024,132673.57954545456,698.8409090909091,763.1363636363636,957.4772727272727,1226.3863636363637,1363.590909090909,9.174507367299833,8.11907330188526,8.011998769356987,7.503810178406001,7.786001724633507
289,OK,2018,48718.844155844155,514.7662337662338,579.5584415584416,736.2857142857143,981.6623376623377,1124.2597402597403,4.340844477203332,4.0063392919570395,3.7287763466042234,3.5948742547796897,2.918692710995918
290,OK,2019,48718.844155844155,520.5454545454545,577.922077922078,732.5064935064935,975.025974025974,1116.935064935065,1.1226883972046187,-0.28234661408147455,-0.5132818287649554,-0.6760332327882757,-0.6515109509287575
291,OK,2020,50600.844155844155,531.0909090909091,576.4155844155844,728.1688311688312,964.8571428571429,1103.2207792207791,2.025847013622095,-0.2606741573033866,-0.5921670833111681,-1.04292925929379,-1.2278498674480276
292,OK,2021,50600.844155844155,568.7402597402597,601.4675324675325,762.4155844155844,1004.6233766233767,1149.064935064935,7.089059519733931,4.346160778658992,4.703133638909196,4.12146337523891,4.155483354522782
293,OK,2022,50600.844155844155,585.0519480519481,612.5454545454545,776.3636363636364,1021.7402597402597,1167.7662337662337,2.8680382709565633,1.8418154729773484,1.829455251592682,1.7038109519623479,1.6275232261127037
294,OK,2023,51290.155844155845,632.8051948051948,661.1818181818181,837.5844155844156,1094.8311688311687,1260.935064935065,8.162223356789266,7.94004155535768,7.885580461692876,7.153570429875167,7.978380302053001
295,OK,2024,51290.155844155845,700.0649350649351,737.8311688311688,932.8961038961039,1215.142857142857,1407.2727272727273,10.62882239461478,11.592779556480926,11.379353118119507,10.989063130174848,11.605487578791251
297,OR,2018,106418.72222222222,617.3333333333334,709.5833333333334,890.6111111111111,1268.7222222222222,1496.861111111111,7.831149927219805,7.63493869295917,7.320502092050218,7.346996333552691,6.662575958512296
298,OR,2019,106418.72222222222,650.1388888888889,748.6944444444445,935.3611111111111,1330.0833333333333,1563.8333333333333,5.314074874010077,5.511841847719712,5.0246397604641,4.836449621228711,4.474177445395
299,OR,2020,111808.75,718.5277777777778,820.2777777777778,1021.9166666666666,1451.138888888889,1703.5277777777778,10.519119846186719,9.561087819537729,9.253704748611646,9.10135121024165,8.932821769867495
300,OR,2021,111808.75,743.9444444444445,843.4722222222222,1052.5555555555557,1485.138888888889,1754.5277777777778,3.5373255499284717,2.827632915678957,2.998178803446705,2.3429873088187447,2.993787401959991
301,OR,2022,111808.75,800.6666666666666,903.2222222222222,1124.3333333333333,1577.7777777777778,1863.1944444444443,7.624523933985516,7.0838136011855735,6.819381399767743,6.237725614888245,6.193499358801824
302,OR,2023,116009.61111111111,873.0833333333334,977.5833333333334,1218.75,1711.8055555555557,2012.5833333333333,9.044546211490445,8.232869971706247,8.397568929736154,8.49471830985915,8.017890421170337
303,OR,2024,116009.61111111111,949.6111111111111,1049.3055555555557,1307.138888888889,1822.3055555555557,2142.6388888888887,8.765231777544447,7.336686272838344,7.252421652421659,6.455172413793098,6.462120271072269
305,PA,2018,189587.74626865672,611.5671641791045,683.3432835820895,851.2388059701492,1100.7611940298507,1212.9701492537313,3.3026597756208087,2.7537760621226814,2.919787061264989,3.009944689647459,2.5502220876236548
306,PA,2019,189587.74626865672,613.1343283582089,682.8507462686567,851.6417910447761,1101.6268656716418,1215.3731343283582,0.25625381330078856,-0.07207758168791267,0.04734101309769034,0.07864300145083991,0.19810751947237915
307,PA,2020,190902.76119402985,616.0597014925373,683.7313432835821,849.5671641791045,1098.5223880597016,1216.865671641791,0.4771178188899716,0.12895892985944624,-0.24360322467578133,-0.28180845154384127,0.12280486307258975
308,PA,2021,190902.76119402985,643.2835820895523,705.8955223880597,877.776119402985,1132.686567164179,1258.1641791044776,4.4190328520205435,3.241650294695475,3.320391419686941,3.110012092226988,3.3938427572672625
309,PA,2022,190902.76119402985,677.2985074626865,740.5074626865671,920.4776119402985,1181.2238805970148,1322.4626865671642,5.287703016241285,4.90326673009831,4.8647361888082274,4.2851495585716215,5.110502153101537
310,PA,2023,190968.4328358209,748.4776119402985,822.3432835820895,1018.4776119402985,1301.2537313432836,1464.8208955223881,10.509266400758065,11.051316160761072,10.646646776495006,10.161481893305702,10.764629535579262
311,PA,2024,190968.4328358209,797.8507462686567,877.0597014925373,1083.6268656716418,1383.44776119403,1561.6716417910447,6.596474435670419,6.653719803256086,6.3967290952255285,6.316525968067532,6.6117807688780506
313,RI,2018,26988.897435897437,762.3076923076923,864.0769230769231,1047.5384615384614,1342.1538461538462,1591.6153846153845,2.6198612405508914,2.9605866177818463,2.4988709920216623,2.7319830428638614,1.2725759874700149
314,RI,2019,26988.897435897437,802.1538461538462,903.3846153846154,1093.3846153846155,1403.076923076923,1642.0,5.227043390514652,4.549096412356435,4.376560434718768,4.53920220082531,3.1656275675414403
315,RI,2020,27080.897435897437,811.9230769230769,911.1538461538462,1107.5384615384614,1415.2307692307693,1662.6153846153845,1.217874952052167,0.8600136239782064,1.2944983818770073,0.8662280701754455,1.2555045441768886
316,RI,2021,27080.897435897437,867.8461538461538,968.8461538461538,1177.3846153846155,1498.076923076923,1791.6153846153845,6.887730933207004,6.331785563528913,6.306431448812355,5.853897162735078,7.758859998149359
317,RI,2022,27080.897435897437,940.6153846153846,1050.3076923076924,1272.1538461538462,1604.1538461538462,1970.8461538461538,8.385038113809617,8.408098451766577,8.049131059715142,7.080872913992309,10.003864153535712
318,RI,2023,27123.02564102564,1107.6923076923076,1199.4615384615386,1453.1538461538462,1797.6153846153845,2229.3076923076924,17.762512266928354,14.200966749670417,14.227838916434887,12.0600364438477,13.114242223176298
319,RI,2024,27123.02564102564,1325.1538461538462,1418.923076923077,1731.0,2121.153846153846,2632.3846153846152,19.63194444444445,18.2966715834028,19.12021597586151,17.998202747229254,18.08081156619854
321,SC,2018,100551.39130434782,566.5,633.0869565217391,771.304347826087,1024.1304347826087,1191.6304347826087,1.7174753112924046,1.7362445414847327,1.117191062471501,0.994726235904464,0.9595903783106818
322,SC,2019,100551.39130434782,605.7391304347826,665.9565217391304,805.804347826087,1070.5,1252.4565217391305,6.926589661921034,5.191951102259451,4.472942502818489,4.527701125026518,5.104442214722238
323,SC,2020,106379.02173913043,610.1086956521739,657.3695652173913,788.3913043478261,1043.891304347826,1230.9130434782608,0.7213608957794992,-1.289416987660763,-2.160951790001886,-2.4856324756818315,-1.7200978945724144
324,SC,2021,106379.02173913043,653.0869565217391,685.8260869565217,824.2391304347826,1085.7826086956522,1283.2173913043478,7.044361304115454,4.328846853401247,4.5469585837975,4.012994856202767,4.249231747377347
325,SC,2022,106379.02173913043,695.8260869565217,723.8478260869565,867.3478260869565,1130.1521739130435,1337.2826086956522,6.544171493242801,5.543933054393291,5.230120005274963,4.086413326392502,4.213254726570459
326,SC,2023,110685.15217391304,772.1521739130435,805.3913043478261,960.3695652173913,1243.2391304347825,1460.108695652174,10.969132716820805,11.265279154278174,10.724848363326478,10.00634774078133,9.184751686580505
327,SC,2024,110685.15217391304,872.304347826087,911.695652173913,1093.304347826087,1396.6304347826087,1628.2391304347825,12.970522818773045,13.199093068451727,13.84204450279558,12.338037035094175,11.514925928683084
329,SD,2018,12336.060606060606,464.969696969697,540.969696969697,692.1818181818181,928.2727272727273,1017.3333333333334,1.8046709129511784,2.218786681554019,2.0255934966612266,1.0990099009901,1.3999426129241765
330,SD,2019,12336.060606060606,492.8636363636364,575.0151515151515,734.6515151515151,983.4242424242424,1099.7272727272727,5.999087591240881,6.293412502800799,6.135627353121453,5.941305128456231,8.099011080662443
331,SD,2020,12961.212121212122,512.2121212121212,582.939393939394,748.3030303030303,992.060606060606,1146.2878787878788,3.9257278121061168,1.3780928038787055,1.8582300410419306,0.8781930792222559,4.2338320795789475
332,SD,2021,12961.212121212122,522.6515151515151,581.7727272727273,747.5454545454545,988.9848484848485,1159.8939393939395,2.038099745607269,-0.20013515620940225,-0.10123916740908401,-0.31003726556294575,1.1869671535258863
333,SD,2022,12961.212121212122,559.9090909090909,613.1666666666666,785.9545454545455,1038.2575757575758,1242.2272727272727,7.128569357877956,5.396254915748622,5.138027483886676,4.982151885159247,7.0983501626324275
334,SD,2023,13323.272727272728,600.9090909090909,671.9090909090909,860.6363636363636,1141.8939393939395,1376.5151515151515,7.322617308004542,9.580172477698978,9.50205309120351,9.981758482305736,10.810250405552102
335,SD,2024,13323.272727272728,662.030303030303,754.6969696969697,962.7878787878788,1279.7727272727273,1531.060606060606,10.171457387796279,12.3212916610292,11.869300376747294,12.074570423936827,11.227297743533304
337,TN,2018,66801.1052631579,509.09473684210525,565.4526315789474,706.9473684210526,940.6,1088.221052631579,2.470443662867061,2.5720341410322423,2.127400739039853,2.1713279517025397,2.269332357276399
338,TN,2019,66801.1052631579,530.3473684210526,586.6421052631579,729.1894736842105,967.2736842105263,1122.6947368421052,4.174592672235544,3.747347257902378,3.1462179868969598,2.8358158845977366,3.167893520085885
339,TN,2020,69446.21052631579,564.8736842105263,610.8947368421053,756.6631578947369,1002.1684210526316,1168.221052631579,6.510132385923839,4.134144372073001,3.767701701961812,3.6075350143104368,4.055093009300936
340,TN,2021,69446.21052631579,588.0315789473684,625.3894736842105,773.8421052631579,1022.0842105263158,1188.0105263157895,4.099658982911869,2.3727061256138438,2.2703559951587904,1.9872697098922254,1.693983654859843
341,TN,2022,69446.21052631579,618.8105263157895,649.9684210526316,798.4631578947368,1048.3157894736842,1211.2421052631578,5.234233750425155,3.9301824547229414,3.181663606066776,2.5664792271725467,1.9555027866136054
342,TN,2023,71287.03157894737,703.0,732.1684210526316,894.4526315789474,1164.4105263157894,1336.5578947368422,13.605048735264603,12.646768264045228,12.021778680095974,11.07440506074906,10.346056245002977
343,TN,2024,71287.03157894737,820.4947368421052,851.7789473684211,1035.9894736842105,1343.5263157894738,1538.8842105263159,16.713333832447397,16.33647708321353,15.823849928800904,15.382529221923914,15.137863955329077
345,TX,2018,98998.27165354331,584.6692913385826,641.1929133858267,803.1968503937007,1076.748031496063,1275.255905511811,1.4115092290988063,1.9033794057101483,1.5116383213749085,1.658160894760119,0.6985463272691117
346,TX,2019,98998.27165354331,601.0708661417323,659.9251968503937,822.4133858267717,1098.4803149606298,1299.0826771653544,2.8052738609887884,2.921473876816716,2.3925063231574617,2.018325813363342,1.8683913989781198
347,TX,2020,107951.22047244094,607.6062992125984,668.9527559055118,829.2283464566929,1105.5748031496064,1294.6141732283465,1.0872982603227888,1.3679670208386785,0.828653904151877,0.6458457281713681,-0.34397379131853034
348,TX,2021,107951.22047244094,634.2047244094488,699.1929133858267,864.8267716535433,1146.9330708661416,1333.8464566929133,4.377575616204021,4.52052214649763,4.292958067456709,3.7408837103298787,3.0304228298948965
349,TX,2022,107951.22047244094,663.1377952755905,727.4015748031496,897.9566929133858,1186.3543307086613,1365.1614173228347,4.562102701628934,4.0344604296292275,3.8308158750102406,3.43710202834675,2.347718545323607
350,TX,2023,112737.96062992126,733.0236220472441,794.9842519685039,978.0472440944882,1284.3031496062993,1492.6968503937007,10.538658370785514,9.290972071877036,8.919199757980723,8.256287043612742,9.342150419176853
351,TX,2024,112737.96062992126,837.8700787401575,890.9527559055118,1092.9212598425197,1431.4330708661416,1666.248031496063,14.303284851870156,12.07174905658508,11.745242005603318,11.456011869545346,11.626686360099715
353,UT,2018,95306.37931034483,550.2068965517242,653.3103448275862,819.448275862069,1138.7241379310344,1316.344827586207,5.8160355461237545,5.478231822736879,6.141408727500108,5.319725721575486,6.289851037171101
354,UT,2019,95306.37931034483,553.3103448275862,655.2068965517242,815.2413793103449,1118.5862068965516,1326.5172413793102,0.5640511406367343,0.29029874379817855,-0.5133815855916435,-1.7684644035974917,0.7727772829674517
355,UT,2020,103238.96551724138,591.5172413793103,684.0689655172414,850.3103448275862,1164.0,1396.3793103448277,6.90514770036148,4.405031314141361,4.30166652567463,4.059927864607427,5.266578283812962
356,UT,2021,103238.96551724138,623.3793103448276,702.8275862068965,871.8275862068965,1182.3103448275863,1416.103448275862,5.386498775795734,2.74221191652384,2.5305162415345306,1.5730536793459038,1.412520064205447
357,UT,2022,103238.96551724138,661.5172413793103,744.2413793103449,925.5862068965517,1247.5172413793102,1504.7586206896551,6.117933399712361,5.8924541261897945,6.166198631491526,5.515209846297409,6.2605011322959925
358,UT,2023,108663.41379310345,719.1724137931035,825.0344827586207,1009.7931034482758,1357.5862068965516,1635.655172413793,8.715596330275233,10.855766112217946,9.097682736010725,8.823041627508443,8.698840460149416
359,UT,2024,108663.41379310345,802.8275862068965,921.9310344827586,1122.7586206896551,1504.344827586207,1803.896551724138,11.632144227080921,11.744545682521101,11.186996311979236,10.810261620523253,10.285870894295247
361,VA,2018,59709.13432835821,752.044776119403,810.2462686567164,973.4850746268656,1300.1492537313434,1560.6492537313434,2.7970458625754757,3.5438740379755362,3.4251191259603297,3.341914512474342,3.035991427093343
362,VA,2019,59709.13432835821,739.820895522388,811.0522388059702,975.044776119403,1301.0373134328358,1554.6791044776119,-1.6254192549665647,0.0994722444806806,0.16021832621677667,0.0683044426587065,-0.3825426654616715
363,VA,2020,62902.142857142855,759.796992481203,828.7744360902255,992.3834586466165,1322.639097744361,1571.2631578947369,2.7001260818282136,2.1850870309347625,1.7782447485355624,1.6603508668423972,1.0667187440392967
364,VA,2021,62902.142857142855,781.2706766917294,841.6390977443609,1006.6616541353384,1335.3684210526317,1577.1654135338347,2.8262396960011094,1.5522512633020957,1.438778061475765,0.9624184957165882,0.3756376269272499
365,VA,2022,62902.142857142855,803.7142857142857,853.6541353383459,1016.218045112782,1341.8872180451128,1583.3233082706768,2.872705925377006,1.427575979560114,0.9493150889562818,0.4881646809756557,0.3904406401510352
366,VA,2023,63980.13533834586,901.4661654135339,938.8872180451128,1115.624060150376,1467.563909774436,1739.157894736842,12.162516137482005,9.98449830890642,9.781957279312214,9.36566725126211,9.842246725741033
367,VA,2024,63980.13533834586,1044.781954887218,1072.2105263157894,1265.8721804511279,1658.5413533834587,1983.8721804511279,15.898077484465567,14.200140944326979,13.467629972098294,13.013228407775145,14.070849257267358
369,VT,2018,2453.886274509804,762.6901960784314,837.3607843137255,1038.4039215686275,1347.678431372549,1520.7725490196078,1.3840307353868875,1.8604473660358556,1.2151490363665474,0.380892292772983,0.909178434724689
370,VT,2019,2453.886274509804,748.5529411764705,828.9921568627451,1023.5764705882353,1325.3333333333333,1466.0196078431372,-1.8536038583754189,-0.9994052274419629,-1.4279078374428322,-1.658043752800764,-3.6003372898707364
371,VT,2020,2449.4823529411765,763.843137254902,851.1333333333333,1049.7019607843138,1354.4235294117648,1494.2313725490196,2.0426338923203557,2.6708547586722364,2.5523730709699155,2.194934311752883,1.924378402236293
372,VT,2021,2449.4823529411765,761.2078431372549,845.0666666666667,1046.0862745098038,1349.8392156862744,1479.1215686274509,-0.34500462059759984,-0.7127751233649171,-0.34444884448995294,-0.3384697346096255,-1.011209120565637
373,VT,2022,2449.4823529411765,785.9098039215686,869.8313725490196,1077.278431372549,1387.278431372549,1530.5019607843137,3.2451006656088355,2.930503220537184,2.9817958253358867,2.773605571033877,3.4737098861009175
374,VT,2023,2448.392156862745,870.9960784313726,947.8509803921569,1168.5607843137254,1498.721568627451,1645.792156862745,10.826468137340516,8.96950952855411,8.47342249532228,8.033220637953843,7.532835568492202
375,VT,2024,2448.392156862745,1009.0784313725491,1079.9098039215687,1330.6980392156863,1717.2745098039215,1863.070588235294,15.853384000288152,13.932445738967836,13.874952597967006,14.58262466834479,13.202057773001608
377,WA,2018,172424.10256410256,641.2307692307693,736.0769230769231,939.6666666666666,1319.5897435897436,1527.5384615384614,5.1728488518798965,4.6974725555271934,5.1292349178117425,5.247658390936238,3.688103733356529
378,WA,2019,172424.10256410256,688.6153846153846,787.7692307692307,1000.1025641025641,1402.7179487179487,1619.2564102564102,7.389635316698651,7.0226773957571265,6.431631511447056,6.29954919944038,6.0042971766206765
379,WA,2020,183845.76923076922,744.8205128205128,845.3333333333334,1068.871794871795,1501.8974358974358,1741.871794871795,8.162049448912722,7.307229111740399,6.876217823812958,7.070522428984005,7.572326645658833
380,WA,2021,183845.76923076922,752.4615384615385,850.025641025641,1069.5384615384614,1497.6923076923076,1763.8974358974358,1.0258881850729873,0.5550837175442691,0.06237105982822566,-0.27998770785672145,1.2644811799861655
381,WA,2022,183845.76923076922,814.7948717948718,920.8205128205128,1150.128205128205,1599.2820512820513,1891.2564102564102,8.283922851495952,8.328557207927357,7.53500191791332,6.783085088169849,7.220316315850672
382,WA,2023,192627.3076923077,916.0,1027.7179487179487,1277.948717948718,1761.948717948718,2076.871794871795,12.420933379488307,11.608932947204288,11.113588228737047,10.17123068043353,9.814395531392783
383,WA,2024,192627.3076923077,1030.2051282051282,1142.3333333333333,1421.5384615384614,1949.8461538461538,2284.4102564102564,12.46780875601836,11.152416356877314,11.235955056179758,10.664183014145179,9.992839329366143
385,WI,2018,78985.91666666667,520.1666666666666,586.8888888888889,758.3611111111111,1005.6666666666666,1123.513888888889,2.771527358542336,1.917464605291741,1.9683274818854235,2.1442275138246147,2.0448582097083445
386,WI,2019,78985.91666666667,533.4722222222222,601.4305555555555,774.1805555555555,1025.9166666666667,1146.9027777777778,2.557940830930261,2.477754638394547,2.086004175671219,2.013589658601278,2.081762328013559
387,WI,2020,80044.65277777778,554.1666666666666,623.7361111111111,800.3194444444445,1057.4444444444443,1179.9722222222222,3.879198125488159,3.7087499711336402,3.3763298110905726,3.0731324289930306,2.883369461230112
388,WI,2021,80044.65277777778,568.8472222222222,637.0972222222222,817.3194444444445,1075.1527777777778,1198.486111111111,2.6491228070175454,2.1421095994121453,2.1241518143796823,1.6746348639277153,1.5690105699286638
389,WI,2022,80044.65277777778,597.7361111111111,667.4027777777778,853.4305555555555,1116.5,1242.5694444444443,5.078496960226575,4.756818033180021,4.418237123387758,3.845706682512806,3.6782514978386915
390,WI,2023,80652.43055555556,656.5694444444445,729.125,928.9305555555555,1204.1944444444443,1343.1944444444443,9.842693496293897,9.24812186544024,8.846648331082063,7.854406130268199,8.098138937014475
391,WI,2024,80652.43055555556,713.5555555555555,791.5416666666666,1004.2222222222222,1294.388888888889,1445.3194444444443,8.679373003617275,8.56048917080976,8.10519863044421,7.490023298193815,7.603143418467595
393,WV,2018,33690.8,527.9454545454546,570.3636363636364,693.0181818181818,918.2181818181818,1058.9454545454546,-3.155121235366698,-3.8791518568451977,-4.588350146436715,-4.393919315449701,-3.1108597285067874
394,WV,2019,33690.8,529.6,563.9090909090909,687.6181818181818,909.1090909090909,1051.2727272727273,0.31339325687915753,-1.1316544469238243,-0.7792003358169763,-0.9920399192111184,-0.7245630301157324
395,WV,2020,33397.0,560.3272727272728,597.0909090909091,726.1454545454545,958.709090909091,1115.9818181818182,5.801977478714648,5.884249556666132,5.603003781168203,5.455890882182368,6.155309581459711
396,WV,2021,33397.0,567.1454545454545,599.0181818181818,732.4909090909091,962.0181818181818,1109.909090909091,1.216821338178975,0.3227771010962055,0.873854474435376,0.34516110679132517,-0.544160054741849
397,WV,2022,33397.0,584.6545454545454,620.4,761.0545454545454,1003.4727272727273,1144.0727272727272,3.0872311095438087,3.5694773265343205,3.899520937275036,4.309122866700688,3.078057170939452
398,WV,2023,32862.29090909091,620.9090909090909,658.8727272727273,809.5636363636364,1070.3636363636363,1214.1818181818182,6.201020027366577,6.201277768008917,6.37393090926468,6.665941910818773,6.128027461699848
399,WV,2024,32862.29090909091,695.2,738.3636363636364,909.1272727272727,1201.3090909090909,1356.4727272727273,11.964860907759899,12.064683481428329,12.298432376588941,12.233735349074237,11.719077568134173
401,WY,2018,24505.478260869564,577.5652173913044,638.4782608695652,813.7391304347826,1096.7391304347825,1328.695652173913,8.840639082343294,5.906533967979244,5.95561594202898,5.490966878554682,8.280480459199936
402,WY,2019,24505.478260869564,591.695652173913,650.9130434782609,825.3478260869565,1109.8260869565217,1375.4347826086957,2.446552243300193,1.9475655430711614,1.4265868775379387,1.1932606541130042,3.5176701570680757
403,WY,2020,25356.521739130436,621.3913043478261,678.8260869565217,845.6086956521739,1138.2608695652175,1422.9565217391305,5.018737600117573,4.288290695344332,2.454828004003584,2.562093551672806,3.4550339813497644
404,WY,2021,25356.521739130436,640.0869565217391,676.695652173913,842.0869565217391,1138.8695652173913,1412.9130434782608,3.008676182479708,-0.3138410299109773,-0.41647385469689713,0.05347593582887278,-0.7058176484967094
405,WY,2022,25356.521739130436,659.304347826087,681.2608695652174,850.9565217391304,1153.5652173913043,1426.391304347826,3.002309468822184,0.6746337702390193,1.0532837670384154,1.2903718408795894,0.9539342093116243
406,WY,2023,25276.0,689.9130434782609,712.5652173913044,901.304347826087,1223.0,1502.0869565217392,4.642574518596665,4.595060310166588,5.916615573267947,6.0191466907884905,5.306794281708194
407,WY,2024,25276.0,793.695652173913,817.695652173913,1035.7826086956522,1395.8260869565217,1703.1739130434783,15.04285354171917,14.753798279333697,14.920405209840816,14.131323545095809,13.387171471575776
